question_id,video_id,type,series,status,score,max_score,normalized_score,source_run,http_status,request_hash
G2_Q000001,G2_V000001,emotional intensity comparison,unclassified,scored,1,1,1.0,,,
G2_Q000002,G2_V000001,emotion trajectory,unclassified,scored,2,4,0.5,,,
G2_Q000003,G2_V000002,emotional reasoning,unclassified,scored,0,1,0.0,,,
G2_Q000004,G2_V000002,emotional reasoning,unclassified,scored,1,1,1.0,,,
G2_Q000005,G2_V000003,emotional intensity comparison,unclassified,no_complete_observation_cache,,,,,,
G2_Q000006,G2_V000003,emotional intensity comparison,unclassified,no_complete_observation_cache,,,,,,
G2_Q000007,G2_V000003,emotional reasoning,unclassified,no_complete_observation_cache,,,,,,
G2_Q000008,G2_V000004,emotional intensity comparison,unclassified,scored,0,1,0.0,,,
G2_Q000009,G2_V000004,emotion trajectory,unclassified,scored,3,4,0.75,,,
G2_Q000010,G2_V000005,emotional reasoning,unclassified,no_complete_observation_cache,,,,,,
G2_Q000011,G2_V000005,emotional reasoning,unclassified,no_complete_observation_cache,,,,,,
G2_Q000012,G2_V000006,emotional intensity comparison,unclassified,scored,1,1,1.0,,,
G2_Q000013,G2_V000006,emotional intensity comparison,unclassified,scored,1,1,1.0,,,
G2_Q000014,G2_V000007,emotion trajectory,unclassified,scored,4,4,1.0,,,
G2_Q000015,G2_V000007,emotional intensity comparison,unclassified,scored,1,1,1.0,,,
G2_Q000016,G2_V000008,emotional reasoning,unclassified,no_complete_observation_cache,,,,,,
G2_Q000017,G2_V000009,emotional reasoning,unclassified,no_complete_observation_cache,,,,,,
G2_Q000018,G2_V000009,emotion trajectory,unclassified,no_complete_observation_cache,,,,,,
G2_Q000019,G2_V000009,emotion trajectory,unclassified,no_complete_observation_cache,,,,,,
G2_Q000020,G2_V000010,emotion trajectory,unclassified,answer_output_json_error,,,,noevent_progressive_cached_v2_unattempted_20260924,,05d1ced112e6bd31652cd6be5cc1bd048c69193c821bf38dcdc471291aa14cef
G2_Q000021,G2_V000010,emotion trajectory,unclassified,scored,2,4,0.5,,,
G2_Q000022,G2_V000010,emotional reasoning,unclassified,answer_output_json_error,,,,noevent_progressive_cached_v2_unattempted_20260924,,dc28cbebf2bd95c721923f542614c0d42bf9d2e32a37aef7173097267b29cb1f
G2_Q000023,G2_V000011,emotion trajectory,unclassified,no_complete_observation_cache,,,,,,
G2_Q000024,G2_V000012,emotional reasoning,unclassified,no_complete_observation_cache,,,,,,
G2_Q000025,G2_V000012,emotional intensity comparison,unclassified,no_complete_observation_cache,,,,,,
G2_Q000026,G2_V000012,emotional intensity comparison,unclassified,no_complete_observation_cache,,,,,,
G2_Q000027,G2_V000012,emotion trajectory,unclassified,no_complete_observation_cache,,,,,,
G2_Q000028,G2_V000013,emotional reasoning,unclassified,no_complete_observation_cache,,,,,,
G2_Q000029,G2_V000013,emotional intensity comparison,unclassified,no_complete_observation_cache,,,,,,
G2_Q000030,G2_V000013,emotional reasoning,unclassified,no_complete_observation_cache,,,,,,
G2_Q000031,G2_V000013,emotional reasoning,unclassified,no_complete_observation_cache,,,,,,
G2_Q000032,G2_V000014,emotional intensity comparison,unclassified,no_complete_observation_cache,,,,,,
G2_Q000033,G2_V000014,emotion trajectory,unclassified,no_complete_observation_cache,,,,,,
G2_Q000034,G2_V000014,emotion trajectory,unclassified,no_complete_observation_cache,,,,,,
G2_Q000035,G2_V000014,emotional intensity comparison,unclassified,no_complete_observation_cache,,,,,,
G2_Q000036,G2_V000015,emotional reasoning,unclassified,scored,1,3,0.3333333333333333,,,
G2_Q000037,G2_V000015,emotional reasoning,unclassified,scored,1,1,1.0,,,
G2_Q000038,G2_V000015,emotional intensity comparison,unclassified,scored,1,1,1.0,,,
G2_Q000039,G2_V000015,emotion trajectory,unclassified,answer_output_json_error,,,,noevent_progressive_cached_v2_unattempted_20260924,,c7f9b8c0eef24b14227ce22f7c00486295fecf5268713a1523c68270beef2761
G2_Q000040,G2_V000015,emotional intensity comparison,unclassified,excluded_prior_backend_refusal,,,,,,
G2_Q000041,G2_V000016,emotional intensity comparison,unclassified,scored,0,1,0.0,,,
G2_Q000042,G2_V000016,emotion trajectory,unclassified,scored,2,4,0.5,,,
G2_Q000043,G2_V000017,emotional reasoning,unclassified,scored,1,1,1.0,,,
G2_Q000044,G2_V000017,emotional reasoning,unclassified,scored,0,1,0.0,,,
G2_Q000045,G2_V000018,emotional intensity comparison,unclassified,scored,0,1,0.0,,,
G2_Q000046,G2_V000019,emotional intensity comparison,unclassified,scored,1,1,1.0,,,
G2_Q000047,G2_V000019,emotional intensity comparison,unclassified,scored,0,1,0.0,,,
G2_Q000048,G2_V000020,emotional reasoning,unclassified,no_complete_observation_cache,,,,,,
G2_Q000049,G2_V000021,emotional intensity comparison,unclassified,no_complete_observation_cache,,,,,,
G2_Q000050,G2_V000021,emotion trajectory,unclassified,no_complete_observation_cache,,,,,,
G2_Q000051,G2_V000022,emotional intensity comparison,unclassified,no_complete_observation_cache,,,,,,
G2_Q000052,G2_V000022,emotion trajectory,unclassified,no_complete_observation_cache,,,,,,
G2_Q000053,G2_V000022,emotion trajectory,unclassified,no_complete_observation_cache,,,,,,
G2_Q000054,G2_V000022,emotional reasoning,unclassified,no_complete_observation_cache,,,,,,
G2_Q000055,G2_V000022,emotional reasoning,unclassified,no_complete_observation_cache,,,,,,
G2_Q000056,G2_V000023,emotion trajectory,unclassified,no_complete_observation_cache,,,,,,
G2_Q000057,G2_V000023,emotion trajectory,unclassified,no_complete_observation_cache,,,,,,
G2_Q000058,G2_V000023,emotion trajectory,unclassified,no_complete_observation_cache,,,,,,
G2_Q000059,G2_V000023,emotion trajectory,unclassified,no_complete_observation_cache,,,,,,
G2_Q000060,G2_V000023,emotional intensity comparison,unclassified,no_complete_observation_cache,,,,,,
G2_Q000061,G2_V000024,emotional intensity comparison,unclassified,scored,1,1,1.0,,,
G2_Q000062,G2_V000024,emotional reasoning,unclassified,scored,0,1,0.0,,,
G2_Q000063,G2_V000024,emotional reasoning,unclassified,scored,1,1,1.0,,,
G2_Q000064,G2_V000024,emotional reasoning,unclassified,scored,1,1,1.0,,,
G2_Q000065,G2_V000024,emotional reasoning,unclassified,scored,1,1,1.0,,,
G2_Q000066,G2_V000025,emotional intensity comparison,unclassified,no_complete_observation_cache,,,,,,
G2_Q000067,G2_V000025,emotional intensity comparison,unclassified,no_complete_observation_cache,,,,,,
G2_Q000068,G2_V000025,emotion trajectory,unclassified,no_complete_observation_cache,,,,,,
G2_Q000069,G2_V000025,emotion trajectory,unclassified,no_complete_observation_cache,,,,,,
G2_Q000070,G2_V000025,emotion trajectory,unclassified,no_complete_observation_cache,,,,,,
G2_Q000071,G2_V000026,emotion trajectory,unclassified,scored,2,4,0.5,,,
G2_Q000072,G2_V000026,emotional intensity comparison,unclassified,scored,1,1,1.0,,,
G2_Q000073,G2_V000027,emotion trajectory,unclassified,scored,2,4,0.5,,,
G2_Q000074,G2_V000027,emotion trajectory,unclassified,scored,2,4,0.5,,,
G2_Q000075,G2_V000027,emotional reasoning,unclassified,scored,0,1,0.0,,,
G2_Q000076,G2_V000028,emotional intensity comparison,unclassified,scored,0,1,0.0,,,
G2_Q000077,G2_V000028,emotion trajectory,unclassified,scored,2,4,0.5,,,
G2_Q000078,G2_V000028,emotion trajectory,unclassified,scored,3,4,0.75,,,
G2_Q000079,G2_V000028,emotion trajectory,unclassified,scored,2,4,0.5,,,
G2_Q000080,G2_V000028,emotional reasoning,unclassified,scored,2,3,0.6666666666666666,,,
G2_Q000081,G2_V000028,emotional reasoning,unclassified,scored,3,3,1.0,,,
G2_Q000082,G2_V000029,emotional intensity comparison,unclassified,scored,1,1,1.0,,,
G2_Q000083,G2_V000029,emotion trajectory,unclassified,answer_output_json_error,,,,noevent_progressive_cached_v2_unattempted_20260924,,24a092ec1f29bd90df23b5fbed9de450682161167852837d3caec423eef347de
G2_Q000084,G2_V000029,emotion trajectory,unclassified,scored,2,4,0.5,,,
G2_Q000085,G2_V000029,emotional reasoning,unclassified,scored,2,3,0.6666666666666666,,,
G2_Q000086,G2_V000030,emotion trajectory,unclassified,scored,2,4,0.5,,,
G2_Q000087,G2_V000030,emotion trajectory,unclassified,scored,2,4,0.5,,,
G2_Q000088,G2_V000031,emotional intensity comparison,unclassified,no_complete_observation_cache,,,,,,
G2_Q000089,G2_V000031,emotional intensity comparison,unclassified,no_complete_observation_cache,,,,,,
G2_Q000090,G2_V000031,emotion trajectory,unclassified,no_complete_observation_cache,,,,,,
G2_Q000091,G2_V000032,emotion trajectory,Frasier,plan_content_filter,,,,noevent_progressive_cached_v2_20260924,400,467066da0b30945116a07672f9db56d6ccf3506aa6ff3e2ee814e30e7f4ebfd0
G2_Q000092,G2_V000032,emotional reasoning,Frasier,scored,1,1,1.0,,,
G2_Q000093,G2_V000032,emotional reasoning,Frasier,plan_content_filter,,,,noevent_progressive_cached_v2_20260924,400,ec40dd43249457182ca5044d48883293fef31cd4e88b25de84467c4b80f5e328
G2_Q000094,G2_V000033,emotional intensity comparison,Frasier,scored,0,1,0.0,,,
G2_Q000095,G2_V000033,emotional intensity comparison,Frasier,scored,1,1,1.0,,,
G2_Q000096,G2_V000033,emotion trajectory,Frasier,answer_output_json_error,,,,noevent_progressive_cached_v2_20260924,,9e36030cf790bba2ce2721080ed718f7ac3b1c238521cb309c6a892f1a12efe3
G2_Q000097,G2_V000034,emotional intensity comparison,Frasier,no_complete_observation_cache,,,,,,
G2_Q000098,G2_V000034,emotional intensity comparison,Frasier,no_complete_observation_cache,,,,,,
G2_Q000099,G2_V000034,emotion trajectory,Frasier,no_complete_observation_cache,,,,,,
G2_Q000100,G2_V000034,emotional reasoning,Frasier,no_complete_observation_cache,,,,,,
G2_Q000101,G2_V000034,emotional reasoning,Frasier,no_complete_observation_cache,,,,,,
G2_Q000102,G2_V000035,emotional intensity comparison,Frasier,no_complete_observation_cache,,,,,,
G2_Q000103,G2_V000035,emotional intensity comparison,Frasier,no_complete_observation_cache,,,,,,
G2_Q000104,G2_V000035,emotion trajectory,Frasier,no_complete_observation_cache,,,,,,
G2_Q000105,G2_V000035,emotional reasoning,Frasier,no_complete_observation_cache,,,,,,
G2_Q000106,G2_V000035,emotion trajectory,Frasier,no_complete_observation_cache,,,,,,
G2_Q000107,G2_V000036,emotion trajectory,Frasier,scored,3,4,0.75,,,
G2_Q000108,G2_V000036,emotional intensity comparison,Frasier,scored,1,1,1.0,,,
G2_Q000109,G2_V000037,emotional intensity comparison,Frasier,no_complete_observation_cache,,,,,,
G2_Q000110,G2_V000037,emotion trajectory,Frasier,no_complete_observation_cache,,,,,,
G2_Q000111,G2_V000037,emotional reasoning,Frasier,no_complete_observation_cache,,,,,,
G2_Q000112,G2_V000038,emotional intensity comparison,unclassified,no_complete_observation_cache,,,,,,
G2_Q000113,G2_V000038,emotional intensity comparison,unclassified,no_complete_observation_cache,,,,,,
G2_Q000114,G2_V000038,emotion trajectory,unclassified,no_complete_observation_cache,,,,,,
G2_Q000115,G2_V000038,emotion trajectory,unclassified,no_complete_observation_cache,,,,,,
G2_Q000116,G2_V000038,emotion trajectory,unclassified,no_complete_observation_cache,,,,,,
G2_Q000117,G2_V000039,emotional intensity comparison,Frasier,scored,0,1,0.0,,,
G2_Q000118,G2_V000039,emotion trajectory,Frasier,scored,2,4,0.5,,,
G2_Q000119,G2_V000039,emotional reasoning,Frasier,scored,3,3,1.0,,,
G2_Q000120,G2_V000039,emotional reasoning,Frasier,scored,3,3,1.0,,,
G2_Q000121,G2_V000040,emotional intensity comparison,Frasier,scored,1,1,1.0,,,
G2_Q000122,G2_V000040,emotion trajectory,Frasier,scored,2,4,0.5,,,
G2_Q000123,G2_V000041,emotional intensity comparison,Frasier,scored,0,1,0.0,,,
G2_Q000124,G2_V000041,emotional intensity comparison,Frasier,scored,0,1,0.0,,,
G2_Q000125,G2_V000041,emotional intensity comparison,Frasier,scored,1,1,1.0,,,
G2_Q000126,G2_V000041,emotion trajectory,Frasier,scored,4,4,1.0,,,
G2_Q000127,G2_V000041,emotional reasoning,Frasier,scored,3,3,1.0,,,
G2_Q000128,G2_V000042,emotional intensity comparison,unclassified,no_complete_observation_cache,,,,,,
G2_Q000129,G2_V000042,emotional intensity comparison,unclassified,no_complete_observation_cache,,,,,,
G2_Q000130,G2_V000042,emotion trajectory,unclassified,no_complete_observation_cache,,,,,,
G2_Q000131,G2_V000042,emotion trajectory,unclassified,no_complete_observation_cache,,,,,,
G2_Q000132,G2_V000043,emotional intensity comparison,Frasier,scored,0,1,0.0,,,
G2_Q000133,G2_V000043,emotional intensity comparison,Frasier,scored,0,1,0.0,,,
G2_Q000134,G2_V000043,emotion trajectory,Frasier,plan_content_filter,,,,noevent_progressive_cached_v2_unattempted_20260924,400,64009d4794de9710181e0f3e2a8b6a8caeeed6d99cfc851bfd4dadb79a0aa746
G2_Q000135,G2_V000043,emotion trajectory,Frasier,scored,2,4,0.5,,,
G2_Q000136,G2_V000043,emotional reasoning,Frasier,scored,2,3,0.6666666666666666,,,
G2_Q000137,G2_V000044,emotional intensity comparison,Frasier,scored,0,1,0.0,,,
G2_Q000138,G2_V000044,emotion trajectory,Frasier,scored,3,4,0.75,,,
G2_Q000139,G2_V000044,emotional reasoning,Frasier,scored,1,1,1.0,,,
G2_Q000140,G2_V000044,emotion trajectory,Frasier,scored,3,4,0.75,,,
G2_Q000141,G2_V000045,emotional intensity comparison,Frasier,scored,0,1,0.0,,,
G2_Q000142,G2_V000045,emotional intensity comparison,Frasier,scored,1,1,1.0,,,
G2_Q000143,G2_V000045,emotion trajectory,Frasier,scored,2,4,0.5,,,
G2_Q000144,G2_V000046,emotional intensity comparison,unclassified,no_complete_observation_cache,,,,,,
G2_Q000145,G2_V000046,emotion trajectory,unclassified,no_complete_observation_cache,,,,,,
G2_Q000146,G2_V000046,emotion trajectory,unclassified,no_complete_observation_cache,,,,,,
G2_Q000147,G2_V000047,emotional intensity comparison,Frasier,scored,0,1,0.0,,,
G2_Q000148,G2_V000047,emotional intensity comparison,Frasier,scored,0,1,0.0,,,
G2_Q000149,G2_V000047,emotion trajectory,Frasier,plan_content_filter,,,,noevent_progressive_cached_v2_transport_20260924,400,961fcbdaac7cd2a80942d35db5fc3fef752f489c2fc8a3c1059875296a988123
G2_Q000150,G2_V000047,emotion trajectory,Frasier,plan_content_filter,,,,noevent_progressive_cached_v2_unattempted_20260924,400,11b36dedceb9f74b38e5beab908083dda541493e6ef4ee08075ebb84e4c9aff2
G2_Q000151,G2_V000048,emotional intensity comparison,Frasier,no_complete_observation_cache,,,,,,
G2_Q000152,G2_V000048,emotion trajectory,Frasier,no_complete_observation_cache,,,,,,
G2_Q000153,G2_V000048,emotion trajectory,Frasier,no_complete_observation_cache,,,,,,
G2_Q000154,G2_V000048,emotional reasoning,Frasier,no_complete_observation_cache,,,,,,
G2_Q000155,G2_V000049,emotional intensity comparison,Frasier,no_complete_observation_cache,,,,,,
G2_Q000156,G2_V000049,emotion trajectory,Frasier,no_complete_observation_cache,,,,,,
G2_Q000157,G2_V000049,emotion trajectory,Frasier,no_complete_observation_cache,,,,,,
G2_Q000158,G2_V000049,emotional reasoning,Frasier,no_complete_observation_cache,,,,,,
G2_Q000159,G2_V000050,emotional intensity comparison,unclassified,no_complete_observation_cache,,,,,,
G2_Q000160,G2_V000050,emotional intensity comparison,unclassified,no_complete_observation_cache,,,,,,
G2_Q000161,G2_V000050,emotion trajectory,unclassified,no_complete_observation_cache,,,,,,
G2_Q000162,G2_V000050,emotion trajectory,unclassified,no_complete_observation_cache,,,,,,
G2_Q000163,G2_V000050,emotion trajectory,unclassified,no_complete_observation_cache,,,,,,
G2_Q000164,G2_V000050,emotional reasoning,unclassified,no_complete_observation_cache,,,,,,
G2_Q000165,G2_V000051,emotional intensity comparison,Frasier,scored,0,1,0.0,,,
G2_Q000166,G2_V000051,emotional intensity comparison,Frasier,scored,1,1,1.0,,,
G2_Q000167,G2_V000051,emotion trajectory,Frasier,scored,2,4,0.5,,,
G2_Q000168,G2_V000051,emotion trajectory,Frasier,scored,3,4,0.75,,,
G2_Q000169,G2_V000052,emotion trajectory,unclassified,scored,3,4,0.75,,,
G2_Q000170,G2_V000052,emotion trajectory,unclassified,scored,1,4,0.25,,,
G2_Q000171,G2_V000053,emotional intensity comparison,Frasier,scored,0,1,0.0,,,
G2_Q000172,G2_V000053,emotional intensity comparison,Frasier,scored,1,1,1.0,,,
G2_Q000173,G2_V000053,emotion trajectory,Frasier,scored,2,4,0.5,,,
G2_Q000174,G2_V000053,emotional reasoning,Frasier,answer_output_json_error,,,,noevent_progressive_cached_v2_transport_20260924,,7ad0837db9381849cbdd5cf9187e47c8b6e469ea4f4c230b314886f6ad5d3af4
G2_Q000175,G2_V000054,emotional intensity comparison,unclassified,scored,1,1,1.0,,,
G2_Q000176,G2_V000054,emotion trajectory,unclassified,scored,3,4,0.75,,,
G2_Q000177,G2_V000054,emotion trajectory,unclassified,scored,2,4,0.5,,,
G2_Q000178,G2_V000055,emotional intensity comparison,Frasier,scored,1,1,1.0,,,
G2_Q000179,G2_V000055,emotion trajectory,Frasier,scored,3,4,0.75,,,
G2_Q000180,G2_V000055,emotion trajectory,Frasier,scored,4,4,1.0,,,
G2_Q000181,G2_V000056,emotional intensity comparison,Frasier,no_complete_observation_cache,,,,,,
G2_Q000182,G2_V000056,emotion trajectory,Frasier,no_complete_observation_cache,,,,,,
G2_Q000183,G2_V000056,emotion trajectory,Frasier,no_complete_observation_cache,,,,,,
G2_Q000184,G2_V000057,emotional intensity comparison,Frasier,no_complete_observation_cache,,,,,,
G2_Q000185,G2_V000057,emotion trajectory,Frasier,no_complete_observation_cache,,,,,,
G2_Q000186,G2_V000057,emotion trajectory,Frasier,no_complete_observation_cache,,,,,,
G2_Q000187,G2_V000057,emotional reasoning,Frasier,no_complete_observation_cache,,,,,,
G2_Q000188,G2_V000058,emotional intensity comparison,Frasier,no_complete_observation_cache,,,,,,
G2_Q000189,G2_V000058,emotion trajectory,Frasier,no_complete_observation_cache,,,,,,
G2_Q000190,G2_V000058,emotional reasoning,Frasier,no_complete_observation_cache,,,,,,
G2_Q000191,G2_V000059,emotional intensity comparison,Frasier,scored,1,1,1.0,,,
G2_Q000192,G2_V000059,emotion trajectory,Frasier,plan_content_filter,,,,noevent_progressive_cached_v2_unattempted_20260924,400,78bc5e02ba03d697eca7f3975d575ee08f3ab271d2f485400037b600dca7e0d1
G2_Q000193,G2_V000059,emotion trajectory,Frasier,plan_content_filter,,,,noevent_progressive_cached_v2_20260924,400,e85effb2b466c6b0453074d636dbd761bc3bd3dfb36b8d4c7a21e36b1fc7ed95
G2_Q000194,G2_V000059,emotional reasoning,Frasier,plan_content_filter,,,,noevent_progressive_cached_v2_20260924,400,1aa3210c6334cc36a3e2e07ead59c4ec843ce5d366c7a3db2b22b3141c5cfb64
G2_Q000195,G2_V000060,emotional intensity comparison,unclassified,no_complete_observation_cache,,,,,,
G2_Q000196,G2_V000060,emotion trajectory,unclassified,no_complete_observation_cache,,,,,,
G2_Q000197,G2_V000060,emotion trajectory,unclassified,no_complete_observation_cache,,,,,,
G2_Q000198,G2_V000060,emotional reasoning,unclassified,no_complete_observation_cache,,,,,,
G2_Q000199,G2_V000061,emotional intensity comparison,Frasier,no_complete_observation_cache,,,,,,
G2_Q000200,G2_V000061,emotion trajectory,Frasier,no_complete_observation_cache,,,,,,
G2_Q000201,G2_V000061,emotion trajectory,Frasier,no_complete_observation_cache,,,,,,
G2_Q000202,G2_V000061,emotional reasoning,Frasier,no_complete_observation_cache,,,,,,
G2_Q000203,G2_V000062,emotional intensity comparison,Frasier,scored,1,1,1.0,,,
G2_Q000204,G2_V000062,emotion trajectory,Frasier,scored,3,4,0.75,,,
G2_Q000205,G2_V000062,emotion trajectory,Frasier,scored,4,4,1.0,,,
G2_Q000206,G2_V000063,emotional intensity comparison,unclassified,no_complete_observation_cache,,,,,,
G2_Q000207,G2_V000063,emotion trajectory,unclassified,no_complete_observation_cache,,,,,,
G2_Q000208,G2_V000063,emotional reasoning,unclassified,no_complete_observation_cache,,,,,,
G2_Q000209,G2_V000064,emotional reasoning,Friends,no_complete_observation_cache,,,,,,
G2_Q000210,G2_V000064,emotion trajectory,Friends,no_complete_observation_cache,,,,,,
G2_Q000211,G2_V000064,emotional reasoning,Friends,no_complete_observation_cache,,,,,,
G2_Q000212,G2_V000064,emotional intensity comparison,Friends,no_complete_observation_cache,,,,,,
G2_Q000213,G2_V000064,emotional intensity comparison,Friends,no_complete_observation_cache,,,,,,
G2_Q000214,G2_V000064,emotion trajectory,Friends,no_complete_observation_cache,,,,,,
G2_Q000215,G2_V000064,emotion trajectory,Friends,no_complete_observation_cache,,,,,,
G2_Q000216,G2_V000065,emotional intensity comparison,unclassified,scored,1,1,1.0,,,
G2_Q000217,G2_V000065,emotion trajectory,unclassified,scored,2,4,0.5,,,
G2_Q000218,G2_V000065,emotion trajectory,unclassified,scored,2,4,0.5,,,
G2_Q000219,G2_V000065,emotional reasoning,unclassified,scored,3,3,1.0,,,
G2_Q000220,G2_V000065,emotional reasoning,unclassified,scored,3,3,1.0,,,
G2_Q000221,G2_V000065,emotional reasoning,unclassified,scored,3,3,1.0,,,
G2_Q000222,G2_V000066,emotional reasoning,Friends,scored,2,3,0.6666666666666666,,,
G2_Q000223,G2_V000066,emotional intensity comparison,Friends,scored,1,1,1.0,,,
G2_Q000224,G2_V000066,emotion trajectory,Friends,scored,3,4,0.75,,,
G2_Q000225,G2_V000066,emotion trajectory,Friends,scored,3,4,0.75,,,
G2_Q000226,G2_V000067,emotional intensity comparison,unclassified,no_complete_observation_cache,,,,,,
G2_Q000227,G2_V000067,emotional intensity comparison,unclassified,no_complete_observation_cache,,,,,,
G2_Q000228,G2_V000067,emotion trajectory,unclassified,no_complete_observation_cache,,,,,,
G2_Q000229,G2_V000067,emotional reasoning,unclassified,no_complete_observation_cache,,,,,,
G2_Q000230,G2_V000067,emotional reasoning,unclassified,no_complete_observation_cache,,,,,,
G2_Q000231,G2_V000067,emotional reasoning,unclassified,no_complete_observation_cache,,,,,,
G2_Q000232,G2_V000068,emotion trajectory,Friends,no_complete_observation_cache,,,,,,
G2_Q000233,G2_V000068,emotional intensity comparison,Friends,no_complete_observation_cache,,,,,,
G2_Q000234,G2_V000068,emotion trajectory,Friends,no_complete_observation_cache,,,,,,
G2_Q000235,G2_V000068,emotional intensity comparison,Friends,no_complete_observation_cache,,,,,,
G2_Q000236,G2_V000069,emotional intensity comparison,unclassified,scored,1,1,1.0,,,
G2_Q000237,G2_V000069,emotion trajectory,unclassified,scored,3,4,0.75,,,
G2_Q000238,G2_V000069,emotion trajectory,unclassified,scored,3,4,0.75,,,
G2_Q000239,G2_V000069,emotional reasoning,unclassified,scored,2,3,0.6666666666666666,,,
G2_Q000240,G2_V000069,emotional reasoning,unclassified,scored,3,3,1.0,,,
G2_Q000241,G2_V000069,emotional reasoning,unclassified,scored,2,3,0.6666666666666666,,,
G2_Q000242,G2_V000070,emotion trajectory,Friends,scored,2,4,0.5,,,
G2_Q000243,G2_V000070,emotional reasoning,Friends,scored,2,3,0.6666666666666666,,,
G2_Q000244,G2_V000070,emotional reasoning,Friends,scored,3,3,1.0,,,
G2_Q000245,G2_V000070,emotion trajectory,Friends,scored,2,4,0.5,,,
G2_Q000246,G2_V000070,emotional reasoning,Friends,scored,3,3,1.0,,,
G2_Q000247,G2_V000070,emotional reasoning,Friends,scored,3,3,1.0,,,
G2_Q000248,G2_V000071,emotional intensity comparison,unclassified,no_complete_observation_cache,,,,,,
G2_Q000249,G2_V000071,emotional intensity comparison,unclassified,no_complete_observation_cache,,,,,,
G2_Q000250,G2_V000071,emotion trajectory,unclassified,no_complete_observation_cache,,,,,,
G2_Q000251,G2_V000071,emotion trajectory,unclassified,no_complete_observation_cache,,,,,,
G2_Q000252,G2_V000071,emotional reasoning,unclassified,no_complete_observation_cache,,,,,,
G2_Q000253,G2_V000071,emotional reasoning,unclassified,no_complete_observation_cache,,,,,,
G2_Q000254,G2_V000072,emotional intensity comparison,Friends,scored,1,1,1.0,,,
G2_Q000255,G2_V000072,emotion trajectory,Friends,scored,3,4,0.75,,,
G2_Q000256,G2_V000072,emotion trajectory,Friends,scored,2,4,0.5,,,
G2_Q000257,G2_V000072,emotion trajectory,Friends,scored,2,4,0.5,,,
G2_Q000258,G2_V000072,emotional intensity comparison,Friends,scored,1,1,1.0,,,
G2_Q000259,G2_V000072,emotion trajectory,Friends,excluded_prior_backend_refusal,,,,,,
G2_Q000260,G2_V000072,emotional reasoning,Friends,excluded_prior_backend_refusal,,,,,,
G2_Q000261,G2_V000073,emotional intensity comparison,unclassified,scored,1,1,1.0,,,
G2_Q000262,G2_V000073,emotional intensity comparison,unclassified,scored,0,1,0.0,,,
G2_Q000263,G2_V000073,emotional intensity comparison,unclassified,scored,0,1,0.0,,,
G2_Q000264,G2_V000073,emotional reasoning,unclassified,scored,2,3,0.6666666666666666,,,
G2_Q000265,G2_V000074,emotion trajectory,Friends,scored,2,4,0.5,,,
G2_Q000266,G2_V000074,emotion trajectory,Friends,plan_invalid_parameter,,,,noevent_progressive_cached_v2_20260924,400,c4b7e581e037078dabe897b8682a8c24418aa16cec18d821f40ead85aa298b2e
G2_Q000267,G2_V000074,emotional reasoning,Friends,plan_invalid_parameter,,,,noevent_progressive_cached_v2_20260924,400,44de2db94d488f12deee9548f9fc181fee727dd45a6922c4577a4c130c443e56
G2_Q000268,G2_V000075,emotional intensity comparison,Friends,embedding_http429,,,,noevent_progressive_cached_v2_unattempted_20260924,,
G2_Q000269,G2_V000075,emotion trajectory,Friends,embedding_http429,,,,noevent_progressive_cached_v2_unattempted_20260924,,
G2_Q000270,G2_V000075,emotion trajectory,Friends,embedding_http429,,,,noevent_progressive_cached_v2_unattempted_20260924,,
G2_Q000271,G2_V000076,emotional reasoning,Friends,scored,3,3,1.0,,,
G2_Q000272,G2_V000076,emotion trajectory,Friends,scored,2,4,0.5,,,
G2_Q000273,G2_V000077,emotion trajectory,Friends,plan_content_filter,,,,noevent_progressive_cached_v2_unattempted_20260924,400,64097f855806b997225a0bfd4f8710cce7db343cdc746af2a659c3d255e37def
G2_Q000274,G2_V000077,emotional reasoning,Friends,plan_content_filter,,,,noevent_progressive_cached_v2_20260924,400,0d03ab91c46f6cbbf4c95049ba7191d22a9cfc58cd31b8c5dc39cc19bc623aca
G2_Q000275,G2_V000077,emotion trajectory,Friends,plan_content_filter,,,,noevent_progressive_cached_v2_20260924,400,52a2b2ba798683fdd3cc841d9a6acfd6d1a98ffe43481cfcd57cee34d9619fe2
G2_Q000276,G2_V000078,emotional reasoning,Friends,scored,1,3,0.3333333333333333,,,
G2_Q000277,G2_V000078,emotional reasoning,Friends,scored,3,3,1.0,,,
G2_Q000278,G2_V000079,emotional intensity comparison,Friends,scored,1,1,1.0,,,
G2_Q000279,G2_V000079,emotional reasoning,Friends,scored,3,3,1.0,,,
G2_Q000280,G2_V000079,emotion trajectory,Friends,scored,2,4,0.5,,,
G2_Q000281,G2_V000079,emotion trajectory,Friends,scored,3,4,0.75,,,
G2_Q000282,G2_V000080,emotional intensity comparison,unclassified,scored,0,1,0.0,,,
G2_Q000283,G2_V000080,emotion trajectory,unclassified,scored,2,4,0.5,,,
G2_Q000284,G2_V000080,emotional reasoning,unclassified,scored,3,3,1.0,,,
G2_Q000285,G2_V000080,emotional reasoning,unclassified,scored,2,3,0.6666666666666666,,,
G2_Q000286,G2_V000081,emotional intensity comparison,Friends,scored,0,1,0.0,,,
G2_Q000287,G2_V000081,emotion trajectory,Friends,scored,2,4,0.5,,,
G2_Q000288,G2_V000081,emotion trajectory,Friends,scored,3,4,0.75,,,
G2_Q000289,G2_V000082,emotional intensity comparison,unclassified,scored,0,1,0.0,,,
G2_Q000290,G2_V000082,emotion trajectory,unclassified,scored,3,4,0.75,,,
G2_Q000291,G2_V000082,emotional reasoning,unclassified,scored,3,3,1.0,,,
G2_Q000292,G2_V000082,emotional reasoning,unclassified,scored,3,3,1.0,,,
G2_Q000293,G2_V000083,emotional intensity comparison,Friends,scored,0,1,0.0,,,
G2_Q000294,G2_V000083,emotional intensity comparison,Friends,scored,0,1,0.0,,,
G2_Q000295,G2_V000083,emotional intensity comparison,Friends,scored,0,1,0.0,,,
G2_Q000296,G2_V000083,emotional intensity comparison,Friends,scored,1,1,1.0,,,
G2_Q000297,G2_V000083,emotion trajectory,Friends,scored,3,4,0.75,,,
G2_Q000298,G2_V000084,emotional intensity comparison,unclassified,no_complete_observation_cache,,,,,,
G2_Q000299,G2_V000084,emotion trajectory,unclassified,no_complete_observation_cache,,,,,,
G2_Q000300,G2_V000084,emotion trajectory,unclassified,no_complete_observation_cache,,,,,,
G2_Q000301,G2_V000084,emotion trajectory,unclassified,no_complete_observation_cache,,,,,,
G2_Q000302,G2_V000084,emotional reasoning,unclassified,no_complete_observation_cache,,,,,,
G2_Q000303,G2_V000084,emotional reasoning,unclassified,no_complete_observation_cache,,,,,,
G2_Q000304,G2_V000085,emotional intensity comparison,Friends,embedding_http429,,,,noevent_progressive_cached_v2_unattempted_20260924,,
G2_Q000305,G2_V000085,emotional intensity comparison,Friends,embedding_http429,,,,noevent_progressive_cached_v2_unattempted_20260924,,
G2_Q000306,G2_V000085,emotion trajectory,Friends,embedding_http429,,,,noevent_progressive_cached_v2_unattempted_20260924,,
G2_Q000307,G2_V000085,emotion trajectory,Friends,embedding_http429,,,,noevent_progressive_cached_v2_unattempted_20260924,,
G2_Q000308,G2_V000086,emotional intensity comparison,Friends,scored,1,1,1.0,,,
G2_Q000309,G2_V000086,emotional intensity comparison,Friends,scored,1,1,1.0,,,
G2_Q000310,G2_V000086,emotion trajectory,Friends,scored,2,4,0.5,,,
G2_Q000311,G2_V000086,emotion trajectory,Friends,scored,4,4,1.0,,,
G2_Q000312,G2_V000086,emotion trajectory,Friends,scored,3,4,0.75,,,
G2_Q000313,G2_V000086,emotion trajectory,Friends,scored,4,4,1.0,,,
G2_Q000314,G2_V000087,emotional intensity comparison,Friends,scored,1,1,1.0,,,
G2_Q000315,G2_V000087,emotional intensity comparison,Friends,scored,0,1,0.0,,,
G2_Q000316,G2_V000087,emotional reasoning,Friends,scored,3,3,1.0,,,
G2_Q000317,G2_V000087,emotion trajectory,Friends,scored,2,4,0.5,,,
G2_Q000318,G2_V000087,emotional reasoning,Friends,scored,3,3,1.0,,,
G2_Q000319,G2_V000088,emotion trajectory,Friends,scored,2,4,0.5,,,
G2_Q000320,G2_V000088,emotional reasoning,Friends,scored,3,3,1.0,,,
G2_Q000321,G2_V000088,emotional reasoning,Friends,scored,3,3,1.0,,,
G2_Q000322,G2_V000089,emotional intensity comparison,unclassified,no_complete_observation_cache,,,,,,
G2_Q000323,G2_V000089,emotional intensity comparison,unclassified,no_complete_observation_cache,,,,,,
G2_Q000324,G2_V000089,emotion trajectory,unclassified,no_complete_observation_cache,,,,,,
G2_Q000325,G2_V000089,emotion trajectory,unclassified,no_complete_observation_cache,,,,,,
G2_Q000326,G2_V000089,emotional reasoning,unclassified,no_complete_observation_cache,,,,,,
G2_Q000327,G2_V000090,emotion trajectory,Friends,scored,2,4,0.5,,,
G2_Q000328,G2_V000090,emotion trajectory,Friends,scored,3,4,0.75,,,
G2_Q000329,G2_V000090,emotional reasoning,Friends,scored,2,3,0.6666666666666666,,,
G2_Q000330,G2_V000090,emotional reasoning,Friends,scored,3,3,1.0,,,
G2_Q000331,G2_V000091,emotion trajectory,Friends,no_complete_observation_cache,,,,,,
G2_Q000332,G2_V000091,emotion trajectory,Friends,no_complete_observation_cache,,,,,,
G2_Q000333,G2_V000091,emotion trajectory,Friends,no_complete_observation_cache,,,,,,
G2_Q000334,G2_V000091,emotion trajectory,Friends,no_complete_observation_cache,,,,,,
G2_Q000335,G2_V000091,emotional reasoning,Friends,no_complete_observation_cache,,,,,,
G2_Q000336,G2_V000092,emotion trajectory,Friends,scored,2,4,0.5,,,
G2_Q000337,G2_V000092,emotional intensity comparison,Friends,scored,0,1,0.0,,,
G2_Q000338,G2_V000092,emotional reasoning,Friends,scored,3,3,1.0,,,
G2_Q000339,G2_V000092,emotion trajectory,Friends,scored,3,4,0.75,,,
G2_Q000340,G2_V000092,emotion trajectory,Friends,scored,2,4,0.5,,,
G2_Q000341,G2_V000093,emotional intensity comparison,Friends,no_complete_observation_cache,,,,,,
G2_Q000342,G2_V000093,emotional intensity comparison,Friends,no_complete_observation_cache,,,,,,
G2_Q000343,G2_V000093,emotion trajectory,Friends,no_complete_observation_cache,,,,,,
G2_Q000344,G2_V000093,emotion trajectory,Friends,no_complete_observation_cache,,,,,,
G2_Q000345,G2_V000093,emotion trajectory,Friends,no_complete_observation_cache,,,,,,
G2_Q000346,G2_V000093,emotion trajectory,Friends,no_complete_observation_cache,,,,,,
G2_Q000347,G2_V000094,emotional intensity comparison,Home with Kids,no_complete_observation_cache,,,,,,
G2_Q000348,G2_V000094,emotion trajectory,Home with Kids,no_complete_observation_cache,,,,,,
G2_Q000349,G2_V000095,emotional intensity comparison,Friends,scored,1,1,1.0,,,
G2_Q000350,G2_V000095,emotional reasoning,Friends,excluded_prior_backend_refusal,,,,,,
G2_Q000351,G2_V000095,emotion trajectory,Friends,scored,3,4,0.75,,,
G2_Q000352,G2_V000095,emotion trajectory,Friends,scored,2,4,0.5,,,
G2_Q000353,G2_V000095,emotion trajectory,Friends,scored,3,4,0.75,,,
G2_Q000354,G2_V000096,emotional reasoning,Home with Kids,no_complete_observation_cache,,,,,,
G2_Q000355,G2_V000096,emotion trajectory,Home with Kids,no_complete_observation_cache,,,,,,
G2_Q000356,G2_V000097,emotional intensity comparison,Friends,no_complete_observation_cache,,,,,,
G2_Q000357,G2_V000097,emotion trajectory,Friends,no_complete_observation_cache,,,,,,
G2_Q000358,G2_V000097,emotion trajectory,Friends,no_complete_observation_cache,,,,,,
G2_Q000359,G2_V000097,emotion trajectory,Friends,no_complete_observation_cache,,,,,,
G2_Q000360,G2_V000098,emotion trajectory,Home with Kids,scored,2,4,0.5,,,
G2_Q000361,G2_V000098,emotional reasoning,Home with Kids,scored,0,1,0.0,,,
G2_Q000362,G2_V000099,emotional intensity comparison,Friends,no_complete_observation_cache,,,,,,
G2_Q000363,G2_V000099,emotion trajectory,Friends,no_complete_observation_cache,,,,,,
G2_Q000364,G2_V000099,emotion trajectory,Friends,no_complete_observation_cache,,,,,,
G2_Q000365,G2_V000099,emotional reasoning,Friends,no_complete_observation_cache,,,,,,
G2_Q000366,G2_V000100,emotion trajectory,Home with Kids,no_complete_observation_cache,,,,,,
G2_Q000367,G2_V000100,emotional reasoning,Home with Kids,no_complete_observation_cache,,,,,,
G2_Q000368,G2_V000101,emotional reasoning,Home with Kids,scored,2,3,0.6666666666666666,,,
G2_Q000369,G2_V000101,emotion trajectory,Home with Kids,scored,2,4,0.5,,,
G2_Q000370,G2_V000101,emotional intensity comparison,Home with Kids,scored,0,1,0.0,,,
G2_Q000371,G2_V000102,emotional intensity comparison,Malcolm in the Middle,no_complete_observation_cache,,,,,,
G2_Q000372,G2_V000102,emotional intensity comparison,Malcolm in the Middle,no_complete_observation_cache,,,,,,
G2_Q000373,G2_V000102,emotional intensity comparison,Malcolm in the Middle,no_complete_observation_cache,,,,,,
G2_Q000374,G2_V000102,emotion trajectory,Malcolm in the Middle,no_complete_observation_cache,,,,,,
G2_Q000375,G2_V000102,emotional reasoning,Malcolm in the Middle,no_complete_observation_cache,,,,,,
G2_Q000376,G2_V000103,emotional intensity comparison,Malcolm in the Middle,no_complete_observation_cache,,,,,,
G2_Q000377,G2_V000103,emotional reasoning,Malcolm in the Middle,no_complete_observation_cache,,,,,,
G2_Q000378,G2_V000103,emotional intensity comparison,Malcolm in the Middle,no_complete_observation_cache,,,,,,
G2_Q000379,G2_V000103,emotion trajectory,Malcolm in the Middle,no_complete_observation_cache,,,,,,
G2_Q000380,G2_V000103,emotion trajectory,Malcolm in the Middle,no_complete_observation_cache,,,,,,
G2_Q000381,G2_V000103,emotional reasoning,Malcolm in the Middle,no_complete_observation_cache,,,,,,
G2_Q000382,G2_V000104,emotional intensity comparison,Malcolm in the Middle,no_complete_observation_cache,,,,,,
G2_Q000383,G2_V000104,emotional intensity comparison,Malcolm in the Middle,no_complete_observation_cache,,,,,,
G2_Q000384,G2_V000104,emotional intensity comparison,Malcolm in the Middle,no_complete_observation_cache,,,,,,
G2_Q000385,G2_V000104,emotion trajectory,Malcolm in the Middle,no_complete_observation_cache,,,,,,
G2_Q000386,G2_V000104,emotion trajectory,Malcolm in the Middle,no_complete_observation_cache,,,,,,
G2_Q000387,G2_V000104,emotional reasoning,Malcolm in the Middle,no_complete_observation_cache,,,,,,
G2_Q000388,G2_V000105,emotional intensity comparison,Malcolm in the Middle,no_complete_observation_cache,,,,,,
G2_Q000389,G2_V000105,emotional intensity comparison,Malcolm in the Middle,no_complete_observation_cache,,,,,,
G2_Q000390,G2_V000105,emotional intensity comparison,Malcolm in the Middle,no_complete_observation_cache,,,,,,
G2_Q000391,G2_V000105,emotion trajectory,Malcolm in the Middle,no_complete_observation_cache,,,,,,
G2_Q000392,G2_V000105,emotional reasoning,Malcolm in the Middle,no_complete_observation_cache,,,,,,
G2_Q000393,G2_V000105,emotion trajectory,Malcolm in the Middle,no_complete_observation_cache,,,,,,
G2_Q000394,G2_V000106,emotional intensity comparison,Malcolm in the Middle,no_complete_observation_cache,,,,,,
G2_Q000395,G2_V000106,emotional intensity comparison,Malcolm in the Middle,no_complete_observation_cache,,,,,,
G2_Q000396,G2_V000106,emotion trajectory,Malcolm in the Middle,no_complete_observation_cache,,,,,,
G2_Q000397,G2_V000106,emotion trajectory,Malcolm in the Middle,no_complete_observation_cache,,,,,,
G2_Q000398,G2_V000106,emotional reasoning,Malcolm in the Middle,no_complete_observation_cache,,,,,,
G2_Q000399,G2_V000106,emotional intensity comparison,Malcolm in the Middle,no_complete_observation_cache,,,,,,
G2_Q000400,G2_V000107,emotional intensity comparison,Malcolm in the Middle,scored,0,1,0.0,,,
G2_Q000401,G2_V000107,emotional intensity comparison,Malcolm in the Middle,scored,0,1,0.0,,,
G2_Q000402,G2_V000107,emotional intensity comparison,Malcolm in the Middle,scored,1,1,1.0,,,
G2_Q000403,G2_V000107,emotion trajectory,Malcolm in the Middle,scored,2,4,0.5,,,
G2_Q000404,G2_V000107,emotion trajectory,Malcolm in the Middle,scored,4,4,1.0,,,
G2_Q000405,G2_V000107,emotion trajectory,Malcolm in the Middle,scored,2,4,0.5,,,
G2_Q000406,G2_V000108,emotional intensity comparison,Malcolm in the Middle,no_complete_observation_cache,,,,,,
G2_Q000407,G2_V000108,emotion trajectory,Malcolm in the Middle,no_complete_observation_cache,,,,,,
G2_Q000408,G2_V000108,emotion trajectory,Malcolm in the Middle,no_complete_observation_cache,,,,,,
G2_Q000409,G2_V000108,emotion trajectory,Malcolm in the Middle,no_complete_observation_cache,,,,,,
G2_Q000410,G2_V000108,emotional reasoning,Malcolm in the Middle,no_complete_observation_cache,,,,,,
G2_Q000411,G2_V000109,emotional intensity comparison,Malcolm in the Middle,no_complete_observation_cache,,,,,,
G2_Q000412,G2_V000109,emotional intensity comparison,Malcolm in the Middle,no_complete_observation_cache,,,,,,
G2_Q000413,G2_V000109,emotion trajectory,Malcolm in the Middle,no_complete_observation_cache,,,,,,
G2_Q000414,G2_V000109,emotion trajectory,Malcolm in the Middle,no_complete_observation_cache,,,,,,
G2_Q000415,G2_V000109,emotional reasoning,Malcolm in the Middle,no_complete_observation_cache,,,,,,
G2_Q000416,G2_V000110,emotional intensity comparison,Malcolm in the Middle,no_complete_observation_cache,,,,,,
G2_Q000417,G2_V000110,emotional intensity comparison,Malcolm in the Middle,no_complete_observation_cache,,,,,,
G2_Q000418,G2_V000110,emotion trajectory,Malcolm in the Middle,no_complete_observation_cache,,,,,,
G2_Q000419,G2_V000110,emotion trajectory,Malcolm in the Middle,no_complete_observation_cache,,,,,,
G2_Q000420,G2_V000110,emotion trajectory,Malcolm in the Middle,no_complete_observation_cache,,,,,,
G2_Q000421,G2_V000110,emotional reasoning,Malcolm in the Middle,no_complete_observation_cache,,,,,,
G2_Q000422,G2_V000111,emotional intensity comparison,Malcolm in the Middle,scored,1,1,1.0,,,
G2_Q000423,G2_V000111,emotional intensity comparison,Malcolm in the Middle,scored,1,1,1.0,,,
G2_Q000424,G2_V000111,emotion trajectory,Malcolm in the Middle,scored,3,4,0.75,,,
G2_Q000425,G2_V000111,emotional reasoning,Malcolm in the Middle,scored,1,1,1.0,,,
G2_Q000426,G2_V000111,emotion trajectory,Malcolm in the Middle,scored,2,4,0.5,,,
G2_Q000427,G2_V000112,emotional intensity comparison,Malcolm in the Middle,no_complete_observation_cache,,,,,,
G2_Q000428,G2_V000112,emotional intensity comparison,Malcolm in the Middle,no_complete_observation_cache,,,,,,
G2_Q000429,G2_V000112,emotional intensity comparison,Malcolm in the Middle,no_complete_observation_cache,,,,,,
G2_Q000430,G2_V000112,emotion trajectory,Malcolm in the Middle,no_complete_observation_cache,,,,,,
G2_Q000431,G2_V000112,emotion trajectory,Malcolm in the Middle,no_complete_observation_cache,,,,,,
G2_Q000432,G2_V000113,emotional intensity comparison,Malcolm in the Middle,no_complete_observation_cache,,,,,,
G2_Q000433,G2_V000113,emotional intensity comparison,Malcolm in the Middle,no_complete_observation_cache,,,,,,
G2_Q000434,G2_V000113,emotional intensity comparison,Malcolm in the Middle,no_complete_observation_cache,,,,,,
G2_Q000435,G2_V000113,emotion trajectory,Malcolm in the Middle,no_complete_observation_cache,,,,,,
G2_Q000436,G2_V000113,emotion trajectory,Malcolm in the Middle,no_complete_observation_cache,,,,,,
G2_Q000437,G2_V000113,emotional reasoning,Malcolm in the Middle,no_complete_observation_cache,,,,,,
G2_Q000438,G2_V000114,emotional intensity comparison,Malcolm in the Middle,scored,0,1,0.0,,,
G2_Q000439,G2_V000114,emotional intensity comparison,Malcolm in the Middle,answer_output_json_error,,,,noevent_progressive_cached_v2_unattempted_20260924,,739966615f339d6263a6c445dc80defd3fe87e3f15619fd1565290e29d8c2050
G2_Q000440,G2_V000114,emotional intensity comparison,Malcolm in the Middle,scored,1,1,1.0,,,
G2_Q000441,G2_V000114,emotional intensity comparison,Malcolm in the Middle,scored,1,1,1.0,,,
G2_Q000442,G2_V000114,emotional intensity comparison,Malcolm in the Middle,scored,1,1,1.0,,,
G2_Q000443,G2_V000114,emotion trajectory,Malcolm in the Middle,scored,2,4,0.5,,,
G2_Q000444,G2_V000114,emotional reasoning,Malcolm in the Middle,scored,3,3,1.0,,,
G2_Q000445,G2_V000115,emotional intensity comparison,Malcolm in the Middle,no_complete_observation_cache,,,,,,
G2_Q000446,G2_V000115,emotion trajectory,Malcolm in the Middle,no_complete_observation_cache,,,,,,
G2_Q000447,G2_V000115,emotional intensity comparison,Malcolm in the Middle,no_complete_observation_cache,,,,,,
G2_Q000448,G2_V000115,emotion trajectory,Malcolm in the Middle,no_complete_observation_cache,,,,,,
G2_Q000449,G2_V000115,emotional reasoning,Malcolm in the Middle,no_complete_observation_cache,,,,,,
G2_Q000450,G2_V000116,emotional intensity comparison,Malcolm in the Middle,no_complete_observation_cache,,,,,,
G2_Q000451,G2_V000116,emotional intensity comparison,Malcolm in the Middle,no_complete_observation_cache,,,,,,
G2_Q000452,G2_V000116,emotion trajectory,Malcolm in the Middle,no_complete_observation_cache,,,,,,
G2_Q000453,G2_V000116,emotion trajectory,Malcolm in the Middle,no_complete_observation_cache,,,,,,
G2_Q000454,G2_V000116,emotional reasoning,Malcolm in the Middle,no_complete_observation_cache,,,,,,
G2_Q000455,G2_V000117,emotional intensity comparison,Malcolm in the Middle,no_complete_observation_cache,,,,,,
G2_Q000456,G2_V000117,emotional intensity comparison,Malcolm in the Middle,no_complete_observation_cache,,,,,,
G2_Q000457,G2_V000117,emotion trajectory,Malcolm in the Middle,no_complete_observation_cache,,,,,,
G2_Q000458,G2_V000117,emotion trajectory,Malcolm in the Middle,no_complete_observation_cache,,,,,,
G2_Q000459,G2_V000117,emotion trajectory,Malcolm in the Middle,no_complete_observation_cache,,,,,,
G2_Q000460,G2_V000117,emotional reasoning,Malcolm in the Middle,no_complete_observation_cache,,,,,,
G2_Q000461,G2_V000118,emotional intensity comparison,Modern Family,scored,0,1,0.0,,,
G2_Q000462,G2_V000118,emotion trajectory,Modern Family,scored,2,4,0.5,,,
G2_Q000463,G2_V000118,emotion trajectory,Modern Family,scored,2,4,0.5,,,
G2_Q000464,G2_V000118,emotion trajectory,Modern Family,scored,2,4,0.5,,,
G2_Q000465,G2_V000119,emotional intensity comparison,Modern Family,scored,1,1,1.0,,,
G2_Q000466,G2_V000119,emotional reasoning,Modern Family,scored,2,3,0.6666666666666666,,,
G2_Q000467,G2_V000119,emotion trajectory,Modern Family,scored,2,4,0.5,,,
G2_Q000468,G2_V000119,emotion trajectory,Modern Family,scored,4,4,1.0,,,
G2_Q000469,G2_V000119,emotion trajectory,Modern Family,scored,2,4,0.5,,,
G2_Q000470,G2_V000120,emotional reasoning,Modern Family,scored,2,3,0.6666666666666666,,,
G2_Q000471,G2_V000120,emotion trajectory,Modern Family,scored,3,4,0.75,,,
G2_Q000472,G2_V000120,emotional reasoning,Modern Family,scored,1,1,1.0,,,
G2_Q000473,G2_V000120,emotion trajectory,Modern Family,scored,4,4,1.0,,,
G2_Q000474,G2_V000121,emotional reasoning,Modern Family,no_complete_observation_cache,,,,,,
G2_Q000475,G2_V000121,emotion trajectory,Modern Family,no_complete_observation_cache,,,,,,
G2_Q000476,G2_V000121,emotional intensity comparison,Modern Family,no_complete_observation_cache,,,,,,
G2_Q000477,G2_V000121,emotion trajectory,Modern Family,no_complete_observation_cache,,,,,,
G2_Q000478,G2_V000122,emotional intensity comparison,Modern Family,excluded_prior_backend_refusal,,,,,,
G2_Q000479,G2_V000122,emotional intensity comparison,Modern Family,excluded_prior_backend_refusal,,,,,,
G2_Q000480,G2_V000122,emotional intensity comparison,Modern Family,excluded_prior_backend_refusal,,,,,,
G2_Q000481,G2_V000122,emotion trajectory,Modern Family,plan_invalid_parameter,,,,noevent_progressive_cached_v2_unattempted_20260924,400,25e8bc7edeb44df796e3c09ba1debb05269848039cc95d3b562371a183eaa386
G2_Q000482,G2_V000122,emotional reasoning,Modern Family,plan_invalid_parameter,,,,noevent_progressive_cached_v2_unattempted_20260924,400,ce606f9861ed9028506ef1e00082729226e1090c8d7bd09e11f96886ac033f60
G2_Q000483,G2_V000123,emotional intensity comparison,Modern Family,scored,1,1,1.0,,,
G2_Q000484,G2_V000123,emotional intensity comparison,Modern Family,scored,1,1,1.0,,,
G2_Q000485,G2_V000123,emotion trajectory,Modern Family,scored,2,4,0.5,,,
G2_Q000486,G2_V000123,emotional reasoning,Modern Family,scored,1,1,1.0,,,
G2_Q000487,G2_V000124,emotional intensity comparison,Modern Family,scored,0,1,0.0,,,
G2_Q000488,G2_V000124,emotional intensity comparison,Modern Family,scored,1,1,1.0,,,
G2_Q000489,G2_V000124,emotional intensity comparison,Modern Family,scored,0,1,0.0,,,
G2_Q000490,G2_V000124,emotional reasoning,Modern Family,answer_output_json_error,,,,noevent_progressive_cached_v2_unattempted_20260924,,f94cd423ebb8eccd1d71ecdf469026f79d490562adf038ea392ede9280eccf90
G2_Q000491,G2_V000124,emotion trajectory,Modern Family,scored,2,4,0.5,,,
G2_Q000492,G2_V000125,emotional intensity comparison,Modern Family,no_complete_observation_cache,,,,,,
G2_Q000493,G2_V000125,emotion trajectory,Modern Family,no_complete_observation_cache,,,,,,
G2_Q000494,G2_V000125,emotion trajectory,Modern Family,no_complete_observation_cache,,,,,,
G2_Q000495,G2_V000125,emotion trajectory,Modern Family,no_complete_observation_cache,,,,,,
G2_Q000496,G2_V000125,emotional reasoning,Modern Family,no_complete_observation_cache,,,,,,
G2_Q000497,G2_V000126,emotional intensity comparison,Modern Family,scored,0,1,0.0,,,
G2_Q000498,G2_V000126,emotional intensity comparison,Modern Family,scored,1,1,1.0,,,
G2_Q000499,G2_V000126,emotional reasoning,Modern Family,scored,3,3,1.0,,,
G2_Q000500,G2_V000126,emotion trajectory,Modern Family,scored,2,4,0.5,,,
G2_Q000501,G2_V000127,emotional intensity comparison,Modern Family,scored,0,1,0.0,,,
G2_Q000502,G2_V000127,emotion trajectory,Modern Family,scored,2,4,0.5,,,
G2_Q000503,G2_V000127,emotion trajectory,Modern Family,scored,2,4,0.5,,,
G2_Q000504,G2_V000127,emotion trajectory,Modern Family,scored,2,4,0.5,,,
G2_Q000505,G2_V000127,emotion trajectory,Modern Family,scored,2,4,0.5,,,
G2_Q000506,G2_V000128,emotional intensity comparison,Modern Family,scored,1,1,1.0,,,
G2_Q000507,G2_V000128,emotional intensity comparison,Modern Family,plan_invalid_parameter,,,,noevent_progressive_cached_v2_unattempted_20260924,400,6e0e9f218dd2950ef94e09af9ae28a12b704d4b0ffa2e93a993058ac53730063
G2_Q000508,G2_V000128,emotion trajectory,Modern Family,scored,4,4,1.0,,,
G2_Q000509,G2_V000128,emotional reasoning,Modern Family,plan_content_filter,,,,noevent_progressive_cached_v2_unattempted_20260924,400,93e18e531d7f943f0196fb2b08ea1c1026cbc6bb69c1bf1202d5a1e632c4f2bf
G2_Q000510,G2_V000129,emotional intensity comparison,Modern Family,no_complete_observation_cache,,,,,,
G2_Q000511,G2_V000129,emotional intensity comparison,Modern Family,no_complete_observation_cache,,,,,,
G2_Q000512,G2_V000129,emotional intensity comparison,Modern Family,no_complete_observation_cache,,,,,,
G2_Q000513,G2_V000129,emotion trajectory,Modern Family,no_complete_observation_cache,,,,,,
G2_Q000514,G2_V000130,emotion trajectory,Modern Family,scored,2,4,0.5,,,
G2_Q000515,G2_V000130,emotional intensity comparison,Modern Family,scored,1,1,1.0,,,
G2_Q000516,G2_V000130,emotional intensity comparison,Modern Family,answer_content_filter,,,,noevent_progressive_cached_v2_unattempted_20260924,200,1834e63ed18d41bdbc4cbca17afe3feed6f4d3cbba1bb08e59b7db00b1e7061a
G2_Q000517,G2_V000130,emotional reasoning,Modern Family,scored,1,3,0.3333333333333333,,,
G2_Q000518,G2_V000131,emotional intensity comparison,Modern Family,no_complete_observation_cache,,,,,,
G2_Q000519,G2_V000131,emotional intensity comparison,Modern Family,no_complete_observation_cache,,,,,,
G2_Q000520,G2_V000131,emotional intensity comparison,Modern Family,no_complete_observation_cache,,,,,,
G2_Q000521,G2_V000132,emotion trajectory,Modern Family,no_complete_observation_cache,,,,,,
G2_Q000522,G2_V000132,emotion trajectory,Modern Family,no_complete_observation_cache,,,,,,
G2_Q000523,G2_V000132,emotion trajectory,Modern Family,no_complete_observation_cache,,,,,,
G2_Q000524,G2_V000132,emotional reasoning,Modern Family,no_complete_observation_cache,,,,,,
G2_Q000525,G2_V000133,emotion trajectory,Modern Family,scored,2,4,0.5,,,
G2_Q000526,G2_V000133,emotional reasoning,Modern Family,scored,2,3,0.6666666666666666,,,
G2_Q000527,G2_V000133,emotion trajectory,Modern Family,scored,2,4,0.5,,,
G2_Q000528,G2_V000133,emotional reasoning,Modern Family,scored,1,1,1.0,,,
G2_Q000529,G2_V000134,emotional intensity comparison,Modern Family,plan_content_filter,,,,noevent_progressive_cached_v2_unattempted_20260924,400,228c0aa3330e589572e5a726b107d6125b22d8a278454f1bfc0b99011a76f733
G2_Q000530,G2_V000134,emotion trajectory,Modern Family,plan_content_filter,,,,noevent_progressive_cached_v2_unattempted_20260924,400,5dcce70d3474cb4f13d083e56e167d6eeac0ab034929f62d35fc32a62a572ffb
G2_Q000531,G2_V000134,emotional reasoning,Modern Family,scored,2,3,0.6666666666666666,,,
G2_Q000532,G2_V000135,emotional intensity comparison,Modern Family,scored,1,1,1.0,,,
G2_Q000533,G2_V000135,emotional intensity comparison,Modern Family,scored,1,1,1.0,,,
G2_Q000534,G2_V000135,emotion trajectory,Modern Family,scored,3,4,0.75,,,
G2_Q000535,G2_V000135,emotion trajectory,Modern Family,scored,4,4,1.0,,,
G2_Q000536,G2_V000136,emotional intensity comparison,Modern Family,no_complete_observation_cache,,,,,,
G2_Q000537,G2_V000136,emotional intensity comparison,Modern Family,no_complete_observation_cache,,,,,,
G2_Q000538,G2_V000136,emotion trajectory,Modern Family,no_complete_observation_cache,,,,,,
G2_Q000539,G2_V000137,emotional intensity comparison,Modern Family,no_complete_observation_cache,,,,,,
G2_Q000540,G2_V000137,emotional intensity comparison,Modern Family,no_complete_observation_cache,,,,,,
G2_Q000541,G2_V000137,emotion trajectory,Modern Family,no_complete_observation_cache,,,,,,
G2_Q000542,G2_V000137,emotion trajectory,Modern Family,no_complete_observation_cache,,,,,,
G2_Q000543,G2_V000137,emotional reasoning,Modern Family,no_complete_observation_cache,,,,,,
G2_Q000544,G2_V000137,emotion trajectory,Modern Family,no_complete_observation_cache,,,,,,
G2_Q000545,G2_V000138,emotional intensity comparison,Modern Family,scored,0,1,0.0,,,
G2_Q000546,G2_V000138,emotional intensity comparison,Modern Family,scored,1,1,1.0,,,
G2_Q000547,G2_V000138,emotional intensity comparison,Modern Family,scored,0,1,0.0,,,
G2_Q000548,G2_V000138,emotion trajectory,Modern Family,scored,2,4,0.5,,,
G2_Q000549,G2_V000138,emotion trajectory,Modern Family,scored,3,4,0.75,,,
G2_Q000550,G2_V000139,emotional intensity comparison,Modern Family,no_complete_observation_cache,,,,,,
G2_Q000551,G2_V000139,emotional intensity comparison,Modern Family,no_complete_observation_cache,,,,,,
G2_Q000552,G2_V000139,emotion trajectory,Modern Family,no_complete_observation_cache,,,,,,
G2_Q000553,G2_V000139,emotional reasoning,Modern Family,no_complete_observation_cache,,,,,,
G2_Q000554,G2_V000140,emotion trajectory,unclassified,no_complete_observation_cache,,,,,,
G2_Q000555,G2_V000140,emotional intensity comparison,unclassified,no_complete_observation_cache,,,,,,
G2_Q000556,G2_V000141,emotional intensity comparison,unclassified,no_complete_observation_cache,,,,,,
G2_Q000557,G2_V000141,emotional reasoning,unclassified,no_complete_observation_cache,,,,,,
G2_Q000558,G2_V000141,emotional reasoning,unclassified,no_complete_observation_cache,,,,,,
